-- UniBookClub Base Seed
-- Matches simplified schema: faculties.name, majors.name, courses.name
-- Safe to run multiple times.

-- =====================================================
-- FACULTIES
-- =====================================================
INSERT INTO public.faculties (id, name) VALUES
  ('11111111-1111-1111-1111-111111111101', 'الهندسة والتكنولوجيا'),
  ('11111111-1111-1111-1111-111111111102', 'تكنولوجيا المعلومات'),
  ('11111111-1111-1111-1111-111111111103', 'إدارة الأعمال'),
  ('11111111-1111-1111-1111-111111111104', 'الصيدلة'),
  ('11111111-1111-1111-1111-111111111105', 'الآداب والعلوم الإنسانية'),
  ('11111111-1111-1111-1111-111111111106', 'القانون'),
  ('11111111-1111-1111-1111-111111111107', 'العلوم الطبية المساعدة')
ON CONFLICT (id) DO UPDATE SET
  name = EXCLUDED.name;

-- =====================================================
-- MAJORS
-- =====================================================
INSERT INTO public.majors (id, faculty_id, name) VALUES
  ('22222222-2222-2222-2222-222222222201', '11111111-1111-1111-1111-111111111101', 'هندسة الحاسوب'),
  ('22222222-2222-2222-2222-222222222202', '11111111-1111-1111-1111-111111111101', 'هندسة الكهرباء'),
  ('22222222-2222-2222-2222-222222222203', '11111111-1111-1111-1111-111111111101', 'هندسة العمارة'),
  ('22222222-2222-2222-2222-222222222204', '11111111-1111-1111-1111-111111111102', 'علوم الحاسوب'),
  ('22222222-2222-2222-2222-222222222205', '11111111-1111-1111-1111-111111111102', 'نظم المعلومات الحاسوبية'),
  ('22222222-2222-2222-2222-222222222206', '11111111-1111-1111-1111-111111111103', 'المحاسبة'),
  ('22222222-2222-2222-2222-222222222207', '11111111-1111-1111-1111-111111111103', 'إدارة الأعمال'),
  ('22222222-2222-2222-2222-222222222208', '11111111-1111-1111-1111-111111111104', 'دكتور صيدلة'),
  ('22222222-2222-2222-2222-222222222209', '11111111-1111-1111-1111-111111111105', 'اللغة الإنجليزية وآدابها'),
  ('22222222-2222-2222-2222-22222222220a', '11111111-1111-1111-1111-111111111105', 'علم النفس'),
  ('22222222-2222-2222-2222-22222222220b', '11111111-1111-1111-1111-111111111106', 'القانون'),
  ('22222222-2222-2222-2222-22222222220c', '11111111-1111-1111-1111-111111111107', 'التمريض')
ON CONFLICT (id) DO UPDATE SET
  faculty_id = EXCLUDED.faculty_id,
  name = EXCLUDED.name;

-- =====================================================
-- COURSES
-- =====================================================
INSERT INTO public.courses (id, major_id, name) VALUES
  ('33333333-3333-3333-3333-333333333301', '22222222-2222-2222-2222-222222222201', 'هياكل البيانات'),
  ('33333333-3333-3333-3333-333333333302', '22222222-2222-2222-2222-222222222201', 'أنظمة التشغيل'),
  ('33333333-3333-3333-3333-333333333303', '22222222-2222-2222-2222-222222222201', 'الجبر الخطي'),
  ('33333333-3333-3333-3333-333333333304', '22222222-2222-2222-2222-222222222202', 'دارات كهربائية'),
  ('33333333-3333-3333-3333-333333333305', '22222222-2222-2222-2222-222222222202', 'الإلكترونيات التناظرية'),
  ('33333333-3333-3333-3333-333333333306', '22222222-2222-2222-2222-222222222204', 'مقدمة في البرمجة'),
  ('33333333-3333-3333-3333-333333333307', '22222222-2222-2222-2222-222222222204', 'قواعد البيانات'),
  ('33333333-3333-3333-3333-333333333308', '22222222-2222-2222-2222-222222222204', 'ذكاء اصطناعي'),
  ('33333333-3333-3333-3333-333333333309', '22222222-2222-2222-2222-222222222205', 'تحليل وتصميم النظم'),
  ('33333333-3333-3333-3333-33333333330a', '22222222-2222-2222-2222-222222222206', 'مبادئ المحاسبة'),
  ('33333333-3333-3333-3333-33333333330b', '22222222-2222-2222-2222-222222222206', 'محاسبة مالية متوسطة'),
  ('33333333-3333-3333-3333-33333333330c', '22222222-2222-2222-2222-222222222208', 'علم الأدوية'),
  ('33333333-3333-3333-3333-33333333330d', '22222222-2222-2222-2222-222222222208', 'الصيدلة السريرية'),
  ('33333333-3333-3333-3333-33333333330e', '22222222-2222-2222-2222-222222222209', 'كتابة أكاديمية'),
  ('33333333-3333-3333-3333-33333333330f', '22222222-2222-2222-2222-22222222220a', 'مقدمة في علم النفس'),
  ('33333333-3333-3333-3333-333333333310', '22222222-2222-2222-2222-22222222220b', 'القانون المدني')
ON CONFLICT (id) DO UPDATE SET
  major_id = EXCLUDED.major_id,
  name = EXCLUDED.name;
